"ID da resposta","Data de envio","Última página","Idioma inicial","Data de início","Data da última ação","Endereço IP","URL de referência","Qual sua idade?","Para fins estatísticos, de acordo com identificação civil, indique qual é o seu sexo:","Indique qual a cidade onde reside:","Indique qual a cidade onde reside: [Outros]","Encontrou dificuldade para se hospedar?","Qual é a sua profissão/ocupação?","Qual é a sua profissão/ocupação? [Outros]","Onde você estuda?","Onde você estuda? [Outros]","Profissional de qual área?","Profissional de qual área? [Outros]","O que achou do Sistema de Inscrições para o Evento?","Você se inscreveu no dia do Evento?","O que achou do processo para se inscrever no local?","O que achou do processo para se inscrever no local? - comment","O que achou do Material distribuidos aos participantes? 

	(Pasta/Crachá)","O que achou da divulgação do evento?","Como você soube do evento?","Como você soube do evento? [Outros]","Considerando esta etapa de inscrições, por favor, nos dê sua opinião/crítica/sugestão do que pode melhorar:","O que achou dos assuntos tratados/apresentados?","O que achou da estrutura das salas oferecidas?","Numa escala de 1 a 10, onde 1 é a pior nota e 10 é a melhor nota, por favor, avalie as palestras básicas: [O poder do LibreOffice]","Numa escala de 1 a 10, onde 1 é a pior nota e 10 é a melhor nota, por favor, avalie as palestras básicas: [Desenho Vetorial com Inkscape]","Numa escala de 1 a 10, onde 1 é a pior nota e 10 é a melhor nota, por favor, avalie as palestras básicas: [Blender 3D e o Brasil, o que os brasileiros estão fazendo com o Blender]","Numa escala de 1 a 10, onde 1 é a pior nota e 10 é a melhor nota, por favor, avalie as palestras básicas: [Empacotamento de aplicações Ruby on Rails no Linux]","Numa escala de 1 a 10, onde 1 é a pior nota e 10 é a melhor nota, por favor, avalie as palestras básicas: [Lançamento do Debian 8 - Conheça as novidades da nova versão do Debian (Jessie)]","Numa escala de 1 a 10, onde 1 é a pior nota e 10 é a melhor nota, por favor, avalie as palestras básicas: [Como contribuir com projetos de Software Livre]","Numa escala de 1 a 10, onde 1 é a pior nota e 10 é a melhor nota, por favor, avalie as palestras básicas: [RPM e DEB - Afinal, o que escolher?]","Numa escala de 1 a 10, onde 1 é a pior nota e 10 é a melhor nota, por favor, avalie as palestras técnicas: [PHP Profissional - Padrões e Ferramentas]","Numa escala de 1 a 10, onde 1 é a pior nota e 10 é a melhor nota, por favor, avalie as palestras técnicas: [Não se repita - com Django Generic Views]","Numa escala de 1 a 10, onde 1 é a pior nota e 10 é a melhor nota, por favor, avalie as palestras técnicas: [EFI? UEFI? GPT? Que?]","Numa escala de 1 a 10, onde 1 é a pior nota e 10 é a melhor nota, por favor, avalie as palestras técnicas: [Pentaho Data Integration - Integração e Migração e Dados com ETL Open Source]","Numa escala de 1 a 10, onde 1 é a pior nota e 10 é a melhor nota, por favor, avalie as palestras técnicas: [Customizando uma plataforma de CRM Open Source - SugarCRM]","Numa escala de 1 a 10, onde 1 é a pior nota e 10 é a melhor nota, por favor, avalie as palestras técnicas: [GIT - Esse é o cara!]","Numa escala de 1 a 5, onde 1 é a pior nota e 5 a melhor nota, avalie:

	O/a palestrante demonstrou ter domínio do assunto?

	 ","Numa escala de 1 a 5, onde 1 é a pior nota e 5 a melhor nota, avalie:

	A forma de apresentação se mostrou adequada ao conteúdo?","Gostaríamos de sua opinião/crítica/sugestão a respeito das palestras:","Você participou do Install Fest?","Você é usuário de qual Sistema Operacional?","Você é usuário de qual Sistema Operacional? [Outros]","Se usuário GNU/Linux, qual distro você usa?","Se usuário GNU/Linux, qual distro você usa? [Outros]","Em qual(is) software(s) você tem interesse? [Inkscape]","Em qual(is) software(s) você tem interesse? [Gimp]","Em qual(is) software(s) você tem interesse? [Audacity]","Em qual(is) software(s) você tem interesse? [MySql]","Em qual(is) software(s) você tem interesse? [LibreOffice Writer]","Em qual(is) software(s) você tem interesse? [LibreOffice Calc]","Em qual(is) software(s) você tem interesse? [LibreOffice Impress]","Em qual(is) software(s) você tem interesse? [LibreOffice Base]","Em qual(is) software(s) você tem interesse? [LibreOffice Project]","Em qual(is) software(s) você tem interesse? [Shellscript]","Em qual(is) software(s) você tem interesse? [Postgresql]","Em qual(is) software(s) você tem interesse? [iceweasel]","Em qual(is) software(s) você tem interesse? [Firefox]","Em qual(is) software(s) você tem interesse? [Google Chrome]","Em qual(is) software(s) você tem interesse? [Empathy]","Em qual(is) software(s) você tem interesse? [Pidgin]","Em qual(is) software(s) você tem interesse? [LDAP]","Em qual(is) software(s) você tem interesse? [Samba]","Em qual(is) software(s) você tem interesse? [Bind]","Em qual(is) software(s) você tem interesse? [Firewall IPTable]","Em qual(is) software(s) você tem interesse? [TLP - Autonomia de bateria]","Em qual(is) software(s) você tem interesse? [Bluetooth]","Em qual(is) software(s) você tem interesse? [Wifi]","Em qual(is) software(s) você tem interesse? [PHP]","Em qual(is) software(s) você tem interesse? [HTML 5]","Em qual(is) software(s) você tem interesse? [CSS]","Em qual(is) software(s) você tem interesse? [Outros]","Que nota você daria ao atendimento do instalador?","Todos os softwares livres que você queria foram instalados?","Se não, qual(is) faltou(ram)?","Se sim, qual(is) foi(ram) instalado(s)?","Você instalou um Sistema Operacional GNU/Linux?","Qual? [Debian]","Qual? [Ubuntu]","Qual? [Trisquel]","Qual? [Mandriva]","Qual? [OpenSUSE]","Qual? [CentOS]","Qual? [Outros]","Houve algum problema com algum hardware de seu computador?","Descreva o problema","Informe o nome do instalador que te atendeu","Com suas próprias palavras, avalie o instalador que te atendeu","Você participou dos minicursos?","O que achou dos assuntos oferecidos?","O que achou da estrutura dos laboratórios?","O que achou do sistema de inscrição para os Mini Cursos?","Considerando que o evento tem como propósito - promover o uso de software livre e a integração de comunidades de usuários de software livre em todos os países da América Latina, e, considerando a programação desta 11ª edição do FLISOL em Curitiba, você recomendaria outras oficinas? Se sim, Quais?","Considerando que o evento tem como propósito - promover o uso de software livre e a integração de comunidades de usuários de software livre em todos os países da América Latina, e, considerando a programação desta 11ª edição do FLISOL em Curitiba, você recomendaria outras oficinas? Se sim, Quais? - comment","O que achou do Horario do Evento?","Você gostaria de ajudar a organizar os próximos eventos de softwrae livre em Curitiba?","Por favor, informe seu e-mail:

	(favor, digitar todas as informações em caixa baixa)","Por favor, nos deixe sua opinião, de modo geral, a respeito do evento."
"3","2015-04-25 13:46:42","1","pt-BR","2015-04-25 11:35:00","2015-04-25 13:46:42","200.192.114.8","","Menor de 18 Anos","Masculino","Outros","Paranaguá","Não","Estudante/Acadêmico(a)","","IFPR","","","","Bom","Sim","Ótimo","","Ótimo","Normal","Amigos/as","","","Bom","Ótimo","","","","10","","","","9","9","","","","","5","5","","Não","","","","","Não","Não","Não","Sim","Não","Não","Não","Não","Não","Não","Não","Não","Não","Sim","Não","Não","Não","Não","Não","Não","Não","Não","Sim","Sim","Sim","Não","","","N/A","","","N/A","N/A","N/A","N/A","N/A","N/A","N/A","","N/A","","","","Não","","","","Sim","","Normal","Não","",""
"4","","1","pt-BR","2015-04-26 07:43:53","2015-04-26 07:43:53","201.140.212.132","http://leonardorocha.eti.br/pesquisa/index.php/admin/survey/sa/view/surveyid/819229","","","","","N/A","","","","","","","","N/A","","","","","","","","","","","","","","","","","","","","","","","","","","N/A","","","","","N/A","N/A","N/A","N/A","N/A","N/A","N/A","N/A","N/A","N/A","N/A","N/A","N/A","N/A","N/A","N/A","N/A","N/A","N/A","N/A","N/A","N/A","N/A","N/A","N/A","N/A","","","N/A","","","N/A","N/A","N/A","N/A","N/A","N/A","N/A","","N/A","","","","N/A","","","","","","","N/A","",""
"5","","1","pt-BR","2015-04-26 07:56:07","2015-04-26 07:56:07","66.102.6.229","http://www.google.ca/url?sa=t&rct=j&q=&esrc=s&source=web&cd=1&ved=0CFAQFjAD&url=http%3A%2F%2Fur1.ca%2Fk8kgt&ei=ZuA8VcypJI7ngQWiYw&usg=AFQjCNFYJDme_f-ckxt_gr_Q8l75svSbww","","","","","N/A","","","","","","","","N/A","","","","","","","","","","","","","","","","","","","","","","","","","","N/A","","","","","N/A","N/A","N/A","N/A","N/A","N/A","N/A","N/A","N/A","N/A","N/A","N/A","N/A","N/A","N/A","N/A","N/A","N/A","N/A","N/A","N/A","N/A","N/A","N/A","N/A","N/A","","","N/A","","","N/A","N/A","N/A","N/A","N/A","N/A","N/A","","N/A","","","","N/A","","","","","","","N/A","",""
"6","2015-04-26 11:18:43","1","pt-BR","2015-04-26 09:21:03","2015-04-26 11:18:43","187.181.229.54","","De 18 à 25 Anos","Masculino","Outros","Ponta Grossa","Não","Empresário(a)","","","","","","Bom","Não","","","Ótimo","Normal","Amigos/as","","Ótimo evento, mas penso que poderia ser por um período maior para não termos que escolher entre as palestras e oficinas. Penso também que o tempo de cada palestra poderia ser maior, pois muitos palestrantes estouraram o tempo e ainda faltou coisas para falar... Até porque todas eram muito boas.
**Evento bem organizado!","Ótimo","Ótimo","","10","","","","","8","8","","","","","6","5","5","Ótimas palestras, palestrantes com domínio de seus assuntos mas penso que alguns não conseguiram passar muito bem, talvez por ser um tempo um pouco curto.","Não","","","","","Sim","Não","Não","Sim","Não","Não","Não","Não","Não","Sim","Sim","Não","Sim","Não","Não","Não","Sim","Não","Não","Não","Não","Não","Não","Sim","Sim","Sim","","","N/A","","","N/A","N/A","N/A","N/A","N/A","N/A","N/A","","N/A","","","","Não","","","","Sim","Não recomendaria trocar oficinas mas sim inserir novas. Seria interessante uma oficina de banco de dados por exemplo, o MySql ou Postgres, oficinas de ferramentas/softwares que facilitam o dia a dia de quem gerencia os sistemas de uma empresa como o LDAP, dentre outros.","Ótimo","Sim","bruicardo@hotmail.com","Ótimo evento, bem organizado, penso que poderia acontecer por mais tempo, um único dia achei pouco."
"7","2015-04-26 11:12:45","1","pt-BR","2015-04-26 10:59:11","2015-04-26 11:12:45","177.82.41.120","","De 18 à 25 Anos","Masculino","Curitiba","","N/A","Estudante/Acadêmico(a)","","PUCPR","","","","Regular","Não","","","Bom","Boa","Faculdade/Universidade","","Por mais que tivesse me inscrito pelo site com bastante tempo de antecedência meu nome não apareceu no registro das pessoas que se inscreveram pelo site.Porém fui atendido bem pelos organizadores no que tange resolver a minha inscrição. ","Bom","Bom","9","7","","","","","","","","","","","","5","5","As palestras que assisti foram muito interessantes, apesar de ter assistido poucas por conta da oficina que participei ter tomado conta da tarde inteira.","Não","","","","","Sim","Sim","Não","Não","Não","Não","Não","Não","Não","Não","Não","Não","Não","Sim","Não","Não","Não","Não","Não","Não","Não","Não","Não","Não","Não","Não","","","N/A","","","N/A","N/A","N/A","N/A","N/A","N/A","N/A","","N/A","","","","Sim","Normal","Bom","Ótimo","Sim","Alguma oficina de nível iniciante sobre o uso do terminal de comando no sistema operacional, um pouco de sua linguagem e funções.","Bom","Não","","Gostei do evento, aprendi mais sobre software livre, mas foi uma pena não ter conseguido assistir outras palestras por conta da oficina que ocupou a tarde inteira."
"8","","1","pt-BR","2015-04-26 11:18:51","2015-04-26 11:18:51","187.181.229.54","","","","","","N/A","","","","","","","","N/A","","","","","","","","","","","","","","","","","","","","","","","","","","N/A","","","","","N/A","N/A","N/A","N/A","N/A","N/A","N/A","N/A","N/A","N/A","N/A","N/A","N/A","N/A","N/A","N/A","N/A","N/A","N/A","N/A","N/A","N/A","N/A","N/A","N/A","N/A","","","N/A","","","N/A","N/A","N/A","N/A","N/A","N/A","N/A","","N/A","","","","N/A","","","","","","","N/A","",""
"9","","1","pt-BR","2015-04-26 12:35:38","2015-04-26 12:35:38","201.25.181.187","http://leonardorocha.eti.br/pesquisa/index.php/","","","","","N/A","","","","","","","","N/A","","","","","","","","","","","","","","","","","","","","","","","","","","N/A","","","","","N/A","N/A","N/A","N/A","N/A","N/A","N/A","N/A","N/A","N/A","N/A","N/A","N/A","N/A","N/A","N/A","N/A","N/A","N/A","N/A","N/A","N/A","N/A","N/A","N/A","N/A","","","N/A","","","N/A","N/A","N/A","N/A","N/A","N/A","N/A","","N/A","","","","N/A","","","","","","","N/A","",""
"10","2015-04-26 16:49:57","1","pt-BR","2015-04-26 16:25:44","2015-04-26 16:49:57","177.92.51.111","","De 26 à 30 Anos","Masculino","Curitiba","","N/A","Profissional","","","","Outros","Geógrafo/Educador Popular","Bom","Não","","","Normal","Normal","Outros","No ambiente de trabalho","Talvez, um pequeno mapa junto com o crachá das atividades (programação) que estao acontecendo ou que vão acontecer.","Bom","Bom","","","","","","","","","","","","","","4","4","Infelizmente só pude estar na atividade (nao lembro se era oficina ou seminario ou palestra,ou minicurso, mas acredito que oficina) sobre wordpress, que no momento era o que me interessava, mas ela foi boa, apesar da noticia de ultima hora da pessoa encarregada nao poder realizar a oficina e ser outra pessoa, mas foi bem boa.","Não","","","","","Sim","Sim","Sim","Sim","Não","Não","Não","Não","Não","Não","Não","Não","Não","Não","Não","Não","Não","Não","Não","Não","Não","Não","Não","Sim","Não","Não","Freemind e Semantik (mapas mentais) Quantum Gis (mapas e cartografia) darksnow, webradio","","N/A","","","N/A","N/A","N/A","N/A","N/A","N/A","N/A","","N/A","","","","Não","","","","Sim","acho que recomendaria oficinas para o uso de alguns outros softwares, como mencionei acima, mas isso depende se há pessoas capacitadas para tal.","Bom","Sim","afedel@riseup.net","Muito bacana, descontraído e comprometido ao mesmo tempo. Gostei bastante."
"11","","1","pt-BR","2015-04-26 19:22:43","2015-04-26 19:22:43","201.17.159.154","","","","","","N/A","","","","","","","","N/A","","","","","","","","","","","","","","","","","","","","","","","","","","N/A","","","","","N/A","N/A","N/A","N/A","N/A","N/A","N/A","N/A","N/A","N/A","N/A","N/A","N/A","N/A","N/A","N/A","N/A","N/A","N/A","N/A","N/A","N/A","N/A","N/A","N/A","N/A","","","N/A","","","N/A","N/A","N/A","N/A","N/A","N/A","N/A","","N/A","","","","N/A","","","","","","","N/A","",""
"12","2015-04-26 20:17:16","1","pt-BR","2015-04-26 20:13:14","2015-04-26 20:17:16","201.22.18.113","http://bmail.uol.com.br/main/message?uid=Mzg1ODA&folder=INBOX&externalAcc=&link_security=1&msg_flagged=false&show_msg_header=0","De 31 à 40 Anos","Masculino","Outros","ara","Não","Estudante/Acadêmico(a)","","PUCPR","","","","Bom","Não","","","Ruim","Ruim","Redes Sociais","","","Bom","Bom","","4","","6","","","","","","","","","7","3","3","","Não","","","","","Não","Não","Não","Sim","Não","Não","Não","Não","Não","Não","Não","Não","Não","Não","Não","Não","Não","Não","Não","Não","Não","Não","Sim","Sim","Não","Não","","","N/A","","","N/A","N/A","N/A","N/A","N/A","N/A","N/A","","N/A","","","","Não","","","","Não","","Ótimo","Sim","carlossantos23@bol.com.br",""
"13","","1","pt-BR","2015-04-27 07:19:45","2015-04-27 07:19:45","200.192.114.8","","","","","","N/A","","","","","","","","N/A","","","","","","","","","","","","","","","","","","","","","","","","","","N/A","","","","","N/A","N/A","N/A","N/A","N/A","N/A","N/A","N/A","N/A","N/A","N/A","N/A","N/A","N/A","N/A","N/A","N/A","N/A","N/A","N/A","N/A","N/A","N/A","N/A","N/A","N/A","","","N/A","","","N/A","N/A","N/A","N/A","N/A","N/A","N/A","","N/A","","","","N/A","","","","","","","N/A","",""
"14","2015-04-27 07:30:10","1","pt-BR","2015-04-27 07:26:41","2015-04-27 07:30:10","177.5.28.210","","De 31 à 40 Anos","Masculino","Outros","sao jose dos pinhais","Não","Estudante/Acadêmico(a)","","UFPR","","","","Bom","Não","","","Bom","Boa","Faculdade/Universidade","","","Bom","Ótimo","","","","8","8","7","8","","","","","","","4","4","","Não","","","","","Sim","Não","Não","Sim","Não","Não","Não","Não","Não","Não","Não","Não","Sim","Sim","Não","Não","Não","Não","Não","Sim","Não","Não","Não","Sim","Sim","Não","","","N/A","","","N/A","N/A","N/A","N/A","N/A","N/A","N/A","","N/A","","","","Sim","Bom","Bom","Bom","Sim","","Ótimo","Não","",""
"15","2015-04-27 09:55:46","1","pt-BR","2015-04-27 09:23:28","2015-04-27 09:55:46","200.236.31.72","","De 18 à 25 Anos","Masculino","Curitiba","","N/A","Estudante/Acadêmico(a)","","UFPR","","","","Bom","Sim","Bom","","Normal","Normal","Faculdade/Universidade","","","Bom","Bom","4","6","","","6","8","5","2","","7","","","","4","3","Alguns palestrantes acabaram por extender demais o tempo de suas palestras, o que acabou prejudicando outros palestrantes. O que me incomodou foi o fato da organização não ter avisado ao palestrante que teve essa atitude sobre o seu tempo.","Não","","","","","Não","Não","Não","Não","Não","Não","Não","Não","Não","Sim","Não","Não","Não","Não","Não","Não","Não","Não","Não","Sim","Sim","Sim","Sim","Não","Não","Não","Lua, games","","N/A","","","N/A","N/A","N/A","N/A","N/A","N/A","N/A","","N/A","","","","Não","","","","Sim","Oficinas sobre desenvolvimento do kernel do linux (uma introdução ao assunto), sobre empacotamento em diversas distribuições linux, sobre outros sistemas operacionais livres (FreeBsd, OpenBsd, haiku, BeOs, TempleOs).","Normal","Não","","Acredito que o evento ainda acaba atentendo usuários da área de computação, o que não é algo necessáriamente ruim, mas não acho que esse seja o público correto para a divulgação do software livre. Tiveram palestras que atendem a outros públicos,    mas não percebi a presença deles.

Ter uma pausa para almoço seria algo a se pensar em outros eventos. Algumas pessoas que chegaram cedo e queriam assistir a várias palestras (como eu), acabaram não tento tempo para almoçar.

Ter mais espaço para minicursos e oficinas também seria bom, e como muitas das palestras são introdutórias, seriam muito boas para a atração de público. Mas palestras mais avançadas também são bem vindas."
"16","2015-04-27 19:05:41","1","pt-BR","2015-04-27 18:53:29","2015-04-27 19:05:41","186.212.26.229","","De 18 à 25 Anos","Masculino","Outros","PONTA GROSSA","Não","Estudante/Acadêmico(a)","","Outros","UEPG","","","Ótimo","Não","","","Ótimo","Ótima","Redes Sociais","","","Bom","Ótimo","","","8","6","8","10","","","","","","","10","5","5","","Não","","","","","Não","Sim","Não","Sim","Sim","Sim","Sim","Sim","Sim","Sim","Não","Não","Sim","Sim","Não","Não","Não","Não","Não","Não","Não","Sim","Sim","Sim","Não","Não","","","N/A","","","N/A","N/A","N/A","N/A","N/A","N/A","N/A","","N/A","","","","Sim","Bom","Normal","Bom","Sim","LINUX-CURSO AVANCADO","Bom","Não","",""
"17","2015-04-28 09:26:04","1","pt-BR","2015-04-28 09:19:39","2015-04-28 09:26:04","164.85.16.101","","De 31 à 40 Anos","Masculino","Outros","Pontal do Paraná","Não","Estudante/Acadêmico(a)","","UFPR","","","","Normal","Não","","","Normal","Normal","Redes Sociais","","Sistema de inscrição e credenciamento pode ser aperfeiçoado, como exemplo, adotar um sistema informatizado de auto inscrição no dia do evento.","Ótimo","Ótimo","","","","","","","","10","10","10","10","","","5","5","","Não","","","","","Não","Não","Não","Sim","Não","Não","Não","Não","Não","Não","Não","Não","Sim","Sim","Não","Não","Não","Não","Não","Não","Não","Não","Não","Sim","Sim","Sim","","","N/A","","","N/A","N/A","N/A","N/A","N/A","N/A","N/A","","N/A","","","","Não","","","","Não","","Ótimo","Sim","paiva@ufpr.br","Excelente evento! Pretendo participar dos outros a serem realizados ainda neste ano."
"18","","1","pt-BR","2015-04-28 09:19:43","2015-04-28 09:19:43","8.28.16.254","","","","","","N/A","","","","","","","","N/A","","","","","","","","","","","","","","","","","","","","","","","","","","N/A","","","","","N/A","N/A","N/A","N/A","N/A","N/A","N/A","N/A","N/A","N/A","N/A","N/A","N/A","N/A","N/A","N/A","N/A","N/A","N/A","N/A","N/A","N/A","N/A","N/A","N/A","N/A","","","N/A","","","N/A","N/A","N/A","N/A","N/A","N/A","N/A","","N/A","","","","N/A","","","","","","","N/A","",""
"19","","1","pt-BR","2015-04-29 11:20:21","2015-04-29 11:23:03","172.17.6.42","http://leonardorocha.eti.br/pesquisa/","De 18 à 25 Anos","Masculino","Curitiba","","N/A","Estudante/Acadêmico(a)","","UTFPR","","","","Bom","Não","","","Bom","Boa","Listas de emails","","","Bom","Bom","","","","","","","","","","","","","","4","4","","Não","","","","","Não","Não","Não","Não","Não","Não","Não","Não","Não","Não","Não","Sim","Sim","Não","Não","Não","Não","Não","Não","Não","Não","Não","Não","Não","Não","Não","","","N/A","","","N/A","N/A","N/A","N/A","N/A","N/A","N/A","","N/A","","","","Não","","","","","","Bom","Não","",""
"20","","1","pt-BR","2015-05-01 15:10:47","2015-05-01 15:10:47","189.115.32.147","","","","","","N/A","","","","","","","","N/A","","","","","","","","","","","","","","","","","","","","","","","","","","N/A","","","","","N/A","N/A","N/A","N/A","N/A","N/A","N/A","N/A","N/A","N/A","N/A","N/A","N/A","N/A","N/A","N/A","N/A","N/A","N/A","N/A","N/A","N/A","N/A","N/A","N/A","N/A","","","N/A","","","N/A","N/A","N/A","N/A","N/A","N/A","N/A","","N/A","","","","N/A","","","","","","","N/A","",""
"21","2015-05-02 17:16:00","1","pt-BR","2015-05-01 15:24:26","2015-05-02 17:16:00","187.5.59.54","","De 26 à 30 Anos","Masculino","Curitiba","","N/A","Estudante/Acadêmico(a)","","UTFPR","","","","Bom","Não","","","Normal","Normal","Listas de emails","","Poderia existir uma forma de se inscrever para determinada oficina, e não apenas inscrição no evento em geral.","Normal","Bom","","","","","","","","","","","","","","5","5","","Não","","","","","Não","Não","Não","Não","Não","Não","Não","Não","Não","Sim","Não","Não","Não","Não","Não","Não","Sim","Não","Não","Sim","Não","Não","Sim","Não","Não","Não","","","N/A","","","N/A","N/A","N/A","N/A","N/A","N/A","N/A","","N/A","","","","Sim","Ótimo","Ótimo","Normal","Sim","","Ótimo","Não","","O evento foi muito bom, o único detalhe que eu aponto é a respeito do certificado. Foi emitido um certificado genérico para o evento, e não um certificado da Oficina. Seria interessante que ao final o palestrante fizesse a validação dos alunos em sala para registro do certificado, contendo o nome específico da Oficina e a quantidade de horas aula.
"
"22","2015-05-01 15:28:02","1","pt-BR","2015-05-01 15:25:07","2015-05-01 15:28:02","191.177.96.105","http://webmail.ensolo.com.br/105.0trr/reademail.php?id=22314&folder=Inbox&cache=5543DE4E.60907@gmail.com","De 31 à 40 Anos","Masculino","Curitiba","","N/A","Empresário(a)","","","","","","Bom","Sim","Bom","","Bom","Normal","Amigos/as","","","Ótimo","Ótimo","8","10","","","9","","","","","10","","","10","5","5","","Não","","","","","Sim","Sim","Não","Não","Sim","Sim","Não","Não","Sim","Não","Não","Sim","Sim","Não","Não","Não","Não","Sim","Não","Sim","Não","Não","Sim","Não","Não","Não","","","N/A","","","N/A","N/A","N/A","N/A","N/A","N/A","N/A","","N/A","","","","Não","","","","Sim","","Ótimo","Não","",""
"23","","1","pt-BR","2015-05-01 15:30:36","2015-05-01 15:30:36","189.115.32.147","","","","","","N/A","","","","","","","","N/A","","","","","","","","","","","","","","","","","","","","","","","","","","N/A","","","","","N/A","N/A","N/A","N/A","N/A","N/A","N/A","N/A","N/A","N/A","N/A","N/A","N/A","N/A","N/A","N/A","N/A","N/A","N/A","N/A","N/A","N/A","N/A","N/A","N/A","N/A","","","N/A","","","N/A","N/A","N/A","N/A","N/A","N/A","N/A","","N/A","","","","N/A","","","","","","","N/A","",""
"24","","1","pt-BR","2015-05-01 15:53:43","2015-05-01 15:58:44","191.177.249.47","","De 26 à 30 Anos","Masculino","Curitiba","","N/A","Profissional","","","","Serviços para software livre","","Ótimo","Não","","","Ótimo","Ótima","Amigos/as","","","Bom","Ótimo","","","","","","","","","","","","","","4","4","","Sim","GNU/Linux","","Debian","","Não","Não","Não","Não","Não","Não","Não","Não","Não","Sim","Não","Sim","Não","Não","Não","Não","Não","Não","Não","Não","Não","Não","Não","Não","Não","Não","","Excelente","Sim","","Debian 8 e tudo que eu uso normalmente","Sim","Sim","Não","Não","Não","Não","Não","","Não","","","","Não","","","","","","Ótimo","Sim","","Foi muito legal conheci muitas pessoas legais. Aprendi bastante."
"25","2015-05-01 16:45:05","1","pt-BR","2015-05-01 16:39:15","2015-05-01 16:45:05","177.156.98.6","","De 26 à 30 Anos","Feminino","Outros","São José dos pinhais","Não","Profissional","","","","Outros","administração","Ótimo","Sim","Ótimo","","Bom","Boa","Amigos/as","","","Ótimo","Ótimo","","","","","9","","","","","","","","","5","5","","Não","","","","","Não","Sim","Não","Não","Sim","Sim","Não","Não","Não","Não","Não","Não","Não","Sim","Não","Sim","Não","Não","Não","Não","Não","Não","Não","Não","Sim","Não","","","N/A","","","N/A","N/A","N/A","N/A","N/A","N/A","N/A","","N/A","","","","Não","","","","Sim","","Bom","Não","","Ótimo evento, gostaria de participar novamente."
"26","2015-05-01 17:05:01","1","pt-BR","2015-05-01 16:58:56","2015-05-01 17:05:01","191.177.17.177","","De 26 à 30 Anos","Masculino","Curitiba","","N/A","Estudante/Acadêmico(a)","","UTFPR","","","","Bom","Não","","","Normal","Regular","Redes Sociais","","","Bom","Ótimo","","","10","1","","10","","7","10","","10","","","5","5","","Não","","","","","Não","Não","Não","Sim","Não","Não","Não","Não","Não","Sim","Sim","Sim","Sim","Não","Não","Não","Não","Sim","Não","Não","Não","Não","Sim","Não","Não","Não","","","N/A","","","N/A","N/A","N/A","N/A","N/A","N/A","N/A","","N/A","","","","Não","","","","Não","","Ótimo","Sim","marshalmori@gmail.com",""
"27","","1","pt-BR","2015-05-01 17:09:57","2015-05-01 17:09:57","177.0.177.149","http://bmail.uol.com.br/main/message?uid=NTE0NTA&folder=INBOX&externalAcc=&link_security=0&msg_flagged=false&show_msg_header=1","","","","","N/A","","","","","","","","N/A","","","","","","","","","","","","","","","","","","","","","","","","","","N/A","","","","","N/A","N/A","N/A","N/A","N/A","N/A","N/A","N/A","N/A","N/A","N/A","N/A","N/A","N/A","N/A","N/A","N/A","N/A","N/A","N/A","N/A","N/A","N/A","N/A","N/A","N/A","","","N/A","","","N/A","N/A","N/A","N/A","N/A","N/A","N/A","","N/A","","","","N/A","","","","","","","N/A","",""
"28","","1","pt-BR","2015-05-01 17:42:16","2015-05-01 17:42:16","187.121.130.36","","","","","","N/A","","","","","","","","N/A","","","","","","","","","","","","","","","","","","","","","","","","","","N/A","","","","","N/A","N/A","N/A","N/A","N/A","N/A","N/A","N/A","N/A","N/A","N/A","N/A","N/A","N/A","N/A","N/A","N/A","N/A","N/A","N/A","N/A","N/A","N/A","N/A","N/A","N/A","","","N/A","","","N/A","N/A","N/A","N/A","N/A","N/A","N/A","","N/A","","","","N/A","","","","","","","N/A","",""
"29","","1","pt-BR","2015-05-01 18:42:24","2015-05-01 18:42:24","189.4.32.231","","","","","","N/A","","","","","","","","N/A","","","","","","","","","","","","","","","","","","","","","","","","","","N/A","","","","","N/A","N/A","N/A","N/A","N/A","N/A","N/A","N/A","N/A","N/A","N/A","N/A","N/A","N/A","N/A","N/A","N/A","N/A","N/A","N/A","N/A","N/A","N/A","N/A","N/A","N/A","","","N/A","","","N/A","N/A","N/A","N/A","N/A","N/A","N/A","","N/A","","","","N/A","","","","","","","N/A","",""
"30","","1","pt-BR","2015-05-01 20:00:34","2015-05-01 20:00:34","187.95.116.26","","","","","","N/A","","","","","","","","N/A","","","","","","","","","","","","","","","","","","","","","","","","","","N/A","","","","","N/A","N/A","N/A","N/A","N/A","N/A","N/A","N/A","N/A","N/A","N/A","N/A","N/A","N/A","N/A","N/A","N/A","N/A","N/A","N/A","N/A","N/A","N/A","N/A","N/A","N/A","","","N/A","","","N/A","N/A","N/A","N/A","N/A","N/A","N/A","","N/A","","","","N/A","","","","","","","N/A","",""
"31","2015-05-01 20:18:05","1","pt-BR","2015-05-01 20:10:51","2015-05-01 20:18:05","177.156.76.151","","De 18 à 25 Anos","Masculino","Curitiba","","N/A","Estudante/Acadêmico(a)","","Outros","uniandrade","","","Bom","Não","","","Normal","Ruim","Internet","","O sorteio foi zoado. ","Ótimo","Ótimo","5","9","8","10","8","10","","10","9","10","1","1","10","4","4","","Sim","Microsoft Windows","","","","Sim","Sim","Sim","Sim","Não","Não","Não","Não","Não","Sim","Sim","Não","Sim","Não","Não","Não","Não","Sim","Sim","Sim","Sim","Sim","Sim","Sim","Sim","Sim","","Regular","Não","Debian","","Não","N/A","N/A","N/A","N/A","N/A","N/A","","Não","","","","Sim","Normal","Regular","Ruim","Sim","Como dominar o mundo com o Python","Ótimo","Sim","vizoto123@gmail.com","Muito louco"
"32","2015-05-01 21:15:27","1","pt-BR","2015-05-01 21:08:34","2015-05-01 21:15:27","187.59.151.37","","De 31 à 40 Anos","Masculino","Curitiba","","N/A","Profissional","","","","Serviços para sistemas proprietários","","Regular","Não","","","Bom","Ótima","Redes Sociais","","","Bom","Bom","","","","","","","","","","","","","","5","5","","Não","","","","","Não","Sim","Não","Não","Não","Não","Sim","Não","Não","Sim","Sim","Não","Sim","Sim","Não","Não","Não","Não","Não","Não","Não","Não","Não","Não","Sim","Sim","","","N/A","","","N/A","N/A","N/A","N/A","N/A","N/A","N/A","","N/A","","","","Sim","Bom","Regular","Normal","Sim","","Ótimo","Sim","vyper@maneh.org",""
"33","","1","pt-BR","2015-05-01 21:57:59","2015-05-01 21:57:59","186.206.80.135","","","","","","N/A","","","","","","","","N/A","","","","","","","","","","","","","","","","","","","","","","","","","","N/A","","","","","N/A","N/A","N/A","N/A","N/A","N/A","N/A","N/A","N/A","N/A","N/A","N/A","N/A","N/A","N/A","N/A","N/A","N/A","N/A","N/A","N/A","N/A","N/A","N/A","N/A","N/A","","","N/A","","","N/A","N/A","N/A","N/A","N/A","N/A","N/A","","N/A","","","","N/A","","","","","","","N/A","",""
"34","2015-05-02 06:13:18","1","pt-BR","2015-05-02 06:05:26","2015-05-02 06:13:18","189.58.132.36","","Maior de 40 Anos","Masculino","Curitiba","","N/A","Profissional","","","","Serviços para sistemas proprietários","","Bom","Não","","","Bom","Normal","Internet","","","Bom","Ótimo","","","","","","","","","","","","","","5","5","","Não","","","","","Não","Não","Não","Não","Não","Não","Não","Não","Não","Não","Sim","Não","Não","Não","Não","Não","Não","Não","Não","Não","Não","Não","Não","Sim","Não","Não","","","N/A","","","N/A","N/A","N/A","N/A","N/A","N/A","N/A","","N/A","","","","Não","","","","Sim","","Bom","Não","","Ótima iniciativa. "
"35","2015-05-02 10:07:28","1","pt-BR","2015-05-02 09:54:19","2015-05-02 10:07:28","179.204.162.226","","De 31 à 40 Anos","Masculino","Outros","Colombo ","Não","Professor(a)","","","","","","Ótimo","Sim","Ótimo","","Normal","Normal","Faculdade/Universidade","","Reconhecer usuário do site Curitiba livre ","Ótimo","Bom","9","","","","10","9","8","","","10","","","10","5","5","Faltou mais interação com o público por meio de dispositivos móveis. ","Sim","GNU/Linux","","Outros","Mint ","Sim","Sim","Sim","Não","Sim","Sim","Sim","Sim","Sim","Não","Não","Não","Não","Sim","Não","Não","Não","Não","Não","Não","Sim","Sim","Sim","Não","Não","Não","","Ótimo","Não","Programas para arduino e Robótica ","","Sim","Sim","Não","Não","Não","Não","Não","","Não","","Eu mesmo","Me passou o link para download da distribuição. ","Não","","","","Sim","Robótica com software livre ","Bom","Sim","Mgasparin@gmail.com ","Evento bem organizado, só achei que deveria ter sido apoiado pela escola politécnica e o ppgia. "
"36","","1","pt-BR","2015-05-02 10:07:37","2015-05-02 10:07:37","179.204.162.226","","","","","","N/A","","","","","","","","N/A","","","","","","","","","","","","","","","","","","","","","","","","","","N/A","","","","","N/A","N/A","N/A","N/A","N/A","N/A","N/A","N/A","N/A","N/A","N/A","N/A","N/A","N/A","N/A","N/A","N/A","N/A","N/A","N/A","N/A","N/A","N/A","N/A","N/A","N/A","","","N/A","","","N/A","N/A","N/A","N/A","N/A","N/A","N/A","","N/A","","","","N/A","","","","","","","N/A","",""
"37","2015-05-02 11:19:09","1","pt-BR","2015-05-02 11:11:17","2015-05-02 11:19:09","191.243.36.146","http://webmail.3onda.com/rc/?_task=mail&_action=show&_uid=17810&_mbox=INBOX&_caps=pdf%3D0%2Cflash%3D1%2Ctif%3D0","De 31 à 40 Anos","Masculino","Outros","MAFRA","Não","Profissional","","","","Serviços para software livre","","Regular","Não","","","Bom","Boa","Redes Sociais","","","Ótimo","Ótimo","9","10","","","","","","","","10","","","","5","5","","Não","","","","","Sim","Sim","Não","Não","Sim","Sim","Sim","Não","Não","Sim","Sim","Não","Não","Não","Não","Não","Sim","Sim","Sim","Sim","Não","Não","Não","Sim","Sim","Sim","","","N/A","","","N/A","N/A","N/A","N/A","N/A","N/A","N/A","","N/A","","","","Não","","","","Sim","- Linux para Iniciantes (Instalação e uso do Linux Mint)","Ótimo","Sim","mike@3onda.com.br",""
"38","","1","pt-BR","2015-05-02 11:19:15","2015-05-02 11:19:15","191.243.36.146","http://webmail.3onda.com/rc/?_task=mail&_action=show&_uid=17810&_mbox=INBOX&_caps=pdf%3D0%2Cflash%3D1%2Ctif%3D0","","","","","N/A","","","","","","","","N/A","","","","","","","","","","","","","","","","","","","","","","","","","","N/A","","","","","N/A","N/A","N/A","N/A","N/A","N/A","N/A","N/A","N/A","N/A","N/A","N/A","N/A","N/A","N/A","N/A","N/A","N/A","N/A","N/A","N/A","N/A","N/A","N/A","N/A","N/A","","","N/A","","","N/A","N/A","N/A","N/A","N/A","N/A","N/A","","N/A","","","","N/A","","","","","","","N/A","",""
"39","2015-05-02 12:42:34","1","pt-BR","2015-05-02 12:38:11","2015-05-02 12:42:34","177.82.57.33","","De 18 à 25 Anos","Masculino","Curitiba","","N/A","Profissional","","","","Serviços para sistemas proprietários","","Regular","Não","","","Bom","Ótima","Faculdade/Universidade","","Muito simples, não deu ""confiança"" que de fato eu estava inscrito. Não deu um comprovante ou algo do gênero.","Ótimo","Ótimo","","","","9","7","","","","","","","","","5","4","","Não","","","","","Não","Sim","Sim","Sim","Sim","Sim","Sim","Sim","Sim","Sim","Não","Não","Sim","Não","Não","Não","Não","Sim","Não","Não","Não","Sim","Sim","Sim","Sim","Não","","","N/A","","","N/A","N/A","N/A","N/A","N/A","N/A","N/A","","N/A","","","","Não","","","","Sim","Apesar de eu ja ter conhecimentos e experiencia na area, é de vital importancia oficinas voltadas à iniciantes. E oferecer certificado à parte para as oficinas (assim como na FTSL) é também muito proveitoso!","Ótimo","Não","",""
"40","2015-05-02 17:22:39","1","pt-BR","2015-05-02 16:57:52","2015-05-02 17:22:39","201.25.135.161","","Maior de 40 Anos","Masculino","Outros","Paranaguá","Não","Estudante/Acadêmico(a)","","Outros","UFPR- Litoral","","","Bom","Não","","","Ruim","Boa","Amigos/as","","No meu ponto de vista, este evento foi melhor que o anterior, pelo que percebi, houve menos palestrante, mas a qualidade das palestras melhorou e muito, fico feliz por poder participar e desde já agradeço o pessoal pela disponibilidade e por se dedicarem para que esse evento acontecesse.","Ótimo","Ótimo","9","9","9","9","8","9","8","9","8","9","10","8","8","5","5","No meu ponto de vista houve uma melhora na qualidade da apresentação em comparação com o evento anterior.","Não","","","","","Não","Não","Não","Não","Não","Não","Não","Não","Não","Não","Não","Não","Não","Não","Não","Não","Não","Não","Não","Não","Não","Não","Não","Não","Não","Não","Ruby on Rails e Android","","N/A","","","N/A","N/A","N/A","N/A","N/A","N/A","N/A","","N/A","","","","Não","","","","Sim","Eu recomendaria o desenvolvimento de jogos para Android, gostaria de dizer que participei dos minicursos, mas não me lembro se me inscrevi, por isso na pergunta anterior marquei (não).","Bom","Não","","De modo geral o evento foi bom, e eu coloquei que não na pergunta anterior, devido a dificuldade de tempo para estar  neste trabalho com vocês."
"41","2015-05-02 18:37:33","1","pt-BR","2015-05-02 18:28:06","2015-05-02 18:37:33","200.150.78.195","","Menor de 18 Anos","Feminino","Outros","Paranaguá","Não","Estudante/Acadêmico(a)","","IFPR","","","","Ótimo","Sim","Ótimo","","Ótimo","Boa","Faculdade/Universidade","","","Bom","Ótimo","","","","","","","","","","","","","","5","5","","Não","","","","","Não","Não","Não","Sim","Não","Não","Não","Não","Não","Não","Não","Não","Não","Sim","Não","Não","Não","Não","Não","Não","Não","Sim","Sim","Não","Não","Não","","","N/A","","","N/A","N/A","N/A","N/A","N/A","N/A","N/A","","N/A","","","","Não","","","","Não","","Bom","Não","",""
"42","","1","pt-BR","2015-05-03 09:52:39","2015-05-03 09:52:39","186.205.227.120","http://www.google.com/m/search","","","","","N/A","","","","","","","","N/A","","","","","","","","","","","","","","","","","","","","","","","","","","N/A","","","","","N/A","N/A","N/A","N/A","N/A","N/A","N/A","N/A","N/A","N/A","N/A","N/A","N/A","N/A","N/A","N/A","N/A","N/A","N/A","N/A","N/A","N/A","N/A","N/A","N/A","N/A","","","N/A","","","N/A","N/A","N/A","N/A","N/A","N/A","N/A","","N/A","","","","N/A","","","","","","","N/A","",""
"43","","1","pt-BR","2015-05-03 14:26:56","2015-05-03 14:26:56","186.212.40.93","","","","","","N/A","","","","","","","","N/A","","","","","","","","","","","","","","","","","","","","","","","","","","N/A","","","","","N/A","N/A","N/A","N/A","N/A","N/A","N/A","N/A","N/A","N/A","N/A","N/A","N/A","N/A","N/A","N/A","N/A","N/A","N/A","N/A","N/A","N/A","N/A","N/A","N/A","N/A","","","N/A","","","N/A","N/A","N/A","N/A","N/A","N/A","N/A","","N/A","","","","N/A","","","","","","","N/A","",""
"44","","1","pt-BR","2015-05-03 17:40:11","2015-05-03 18:44:27","177.132.94.128","","De 26 à 30 Anos","Feminino","Curitiba","","N/A","Estudante/Acadêmico(a)","","UFPR","","","","Bom","Não","","","Bom","Normal","Faculdade/Universidade","","Ampliação da divulgação ajudaria a ter mais gente no evento.","Bom","Ótimo","","","","","8","10","","","","","","","","5","4","","Não","","","","","Não","Não","Não","Não","Não","Não","Não","Não","Não","Não","Não","Não","Não","Não","Não","Não","Não","Não","Não","Não","Não","Não","Não","Não","Não","Não","","","N/A","","","N/A","N/A","N/A","N/A","N/A","N/A","N/A","","N/A","","","","Não","","","","","","","N/A","",""
"45","","1","pt-BR","2015-05-03 19:29:54","2015-05-03 19:29:54","201.25.179.179","","","","","","N/A","","","","","","","","N/A","","","","","","","","","","","","","","","","","","","","","","","","","","N/A","","","","","N/A","N/A","N/A","N/A","N/A","N/A","N/A","N/A","N/A","N/A","N/A","N/A","N/A","N/A","N/A","N/A","N/A","N/A","N/A","N/A","N/A","N/A","N/A","N/A","N/A","N/A","","","N/A","","","N/A","N/A","N/A","N/A","N/A","N/A","N/A","","N/A","","","","N/A","","","","","","","N/A","",""
"46","2015-05-03 19:54:07","1","pt-BR","2015-05-03 19:51:16","2015-05-03 19:54:07","177.204.50.83","","De 31 à 40 Anos","Masculino","Curitiba","","N/A","Profissional","","","","Manutenção de computadores","","Bom","Não","","","Bom","Boa","Faculdade/Universidade","","","Bom","Bom","","","","","","8","","","","","","","","5","5","","Não","","","","","Não","Não","Não","Não","Não","Não","Não","Não","Não","Não","Não","Não","Não","Não","Não","Não","Não","Não","Não","Não","Não","Não","Sim","Não","Não","Não","","","N/A","","","N/A","N/A","N/A","N/A","N/A","N/A","N/A","","N/A","","","","Não","","","","Não","","Ótimo","Não","",""
"47","","1","pt-BR","2015-05-03 20:07:44","2015-05-03 20:07:44","191.177.79.172","","","","","","N/A","","","","","","","","N/A","","","","","","","","","","","","","","","","","","","","","","","","","","N/A","","","","","N/A","N/A","N/A","N/A","N/A","N/A","N/A","N/A","N/A","N/A","N/A","N/A","N/A","N/A","N/A","N/A","N/A","N/A","N/A","N/A","N/A","N/A","N/A","N/A","N/A","N/A","","","N/A","","","N/A","N/A","N/A","N/A","N/A","N/A","N/A","","N/A","","","","N/A","","","","","","","N/A","",""
"48","2015-05-04 07:12:56","1","pt-BR","2015-05-04 06:51:44","2015-05-04 07:12:56","177.19.236.148","","De 31 à 40 Anos","Masculino","Curitiba","","N/A","Profissional","","","","Outros","Infraestrutura TIC","Bom","Não","","","Bom","Regular","Amigos/as","","","Bom","Bom","","","","","","","","","","","","","","4","4","","Não","","","","","Não","Não","Não","Não","Não","Não","Não","Não","Não","Não","Não","Não","Não","Não","Não","Não","Sim","Sim","Sim","Sim","Não","Não","Não","Não","Não","Não","","","N/A","","","N/A","N/A","N/A","N/A","N/A","N/A","N/A","","N/A","","","","Sim","Bom","Bom","Bom","Não","","Bom","Sim","erfranca@gmail.com",""
"49","2015-05-04 11:45:21","1","pt-BR","2015-05-04 11:40:56","2015-05-04 11:45:21","200.238.164.5","","De 18 à 25 Anos","Masculino","Curitiba","","N/A","Estudante/Acadêmico(a)","","UFPR","","","","Ótimo","Não","","","Normal","Normal","Redes Sociais","","","Regular","Ótimo","","","","5","10","","","","10","10","","","","4","4","","Não","","","","","Não","Não","Sim","Sim","Sim","Sim","Sim","Sim","Sim","Sim","Não","Sim","Sim","Sim","Não","Não","Sim","Sim","Sim","Sim","Não","Não","Sim","Sim","Sim","Sim","","","N/A","","","N/A","N/A","N/A","N/A","N/A","N/A","N/A","","N/A","","","","Não","","","","Não","","Ótimo","Sim","ptellesfilho@gmail.com",""
"50","2015-05-04 12:01:04","1","pt-BR","2015-05-04 11:53:38","2015-05-04 12:01:04","191.177.65.12","","De 18 à 25 Anos","Masculino","Curitiba","","N/A","Estudante/Acadêmico(a)","","PUCPR","","","","Ótimo","Não","","","Ótimo","Boa","Faculdade/Universidade","","","Bom","Bom","8","7","9","1","","10","","","","","","","","3","3","","Sim","Microsoft Windows","","","","Não","Sim","Sim","Sim","Sim","Sim","Sim","Sim","Sim","Não","Não","Não","Sim","Sim","Não","Não","Não","Não","Não","Não","Não","Não","Não","Não","Não","Sim","","Bom","Sim","","Linux Mint","Sim","Não","Não","Não","Não","Não","Não","Mint","Não","","","","Não","","","","Não","","Bom","Não","",""
"51","2015-05-04 13:13:03","1","pt-BR","2015-05-04 13:08:34","2015-05-04 13:13:03","200.192.211.230","","Menor de 18 Anos","Masculino","Outros","Paranaguá","Não","Estudante/Acadêmico(a)","","IFPR","","","","Bom","Sim","Bom","","Ótimo","Boa","Outros","Professores","","Bom","Bom","7","","","8","10","","","","","","","","","5","4","","Não","","","","","Não","Sim","Sim","Sim","Sim","Sim","Sim","Sim","Sim","Não","Não","Não","Sim","Sim","Não","Não","Não","Não","Não","Não","Não","Sim","Sim","Sim","Sim","Não","","","N/A","","","N/A","N/A","N/A","N/A","N/A","N/A","N/A","","N/A","","","","Não","","","","Sim","","Normal","Não","",""
"52","2015-05-04 14:34:36","1","pt-BR","2015-05-04 14:23:02","2015-05-04 14:34:36","177.204.118.254","","De 18 à 25 Anos","Masculino","Outros","São José dos pinhais","Não","Estudante/Acadêmico(a)","","PUCPR","","","","Normal","Não","","","Normal","Normal","Faculdade/Universidade","","A parte da inscrição ficou um pouco confusa no inicio. Posteriormente a confirmação da inscrição ficou confusa, pois não era de fácil acesso. ","Bom","Bom","","6","7","","","","","","","","","","","4","4","","Não","","","","","Sim","Sim","Não","Não","Sim","Sim","Sim","Sim","Sim","Não","Não","Não","Não","Não","Não","Não","Não","Não","Não","Não","Não","Não","Não","Não","Não","Não","","","N/A","","","N/A","N/A","N/A","N/A","N/A","N/A","N/A","","N/A","","","","Não","","","","Sim","Demonstração dos Sistemas operacionais, seria muito bem-vindo. Instalação, Configuração, etc.","Regular","Não","","Gostei o evento, pude conhecer um pouco de como funciona as colaborações dentro da comunidade. Infelizmente só pude ficar no período da manhã, pois tinha outros compromissos. 

Minha sugestão seria convencer a universidade de faze uma parceria para melhorar o FTD Digital Arena. Claro que isso, talvez, passa-se por um burocracia, mas acredito que com ajuda da comunidade seria muito positivo tanto para a universidade quanto para os alunos, que poderiam contribuir com conteúdos."
"53","2015-05-05 07:59:17","1","pt-BR","2015-05-05 07:46:25","2015-05-05 07:59:17","177.21.245.66","","De 18 à 25 Anos","Masculino","Outros","Pinhais","Não","Estudante/Acadêmico(a)","","Outros","FATECPR","","","Normal","Não","","","Regular","Ruim","Faculdade/Universidade","","muitos links para se seguir até se chegar na página de inscrição de fato.","Ótimo","Ótimo","","","","","8","","","","","10","","","","5","5","","Não","","","","","Não","Não","Não","Não","Não","Não","Não","Não","Não","Não","Não","Não","Não","Não","Não","Não","Não","Não","Não","Não","Não","Não","Sim","Não","Não","Não","","","N/A","","","N/A","N/A","N/A","N/A","N/A","N/A","N/A","","N/A","","","","Sim","Ótimo","Ruim","Normal","Sim","algo relacionado a redes e servidores.","Ótimo","Não","","Muito bom! pena pelos laboratórios não terem sido previamente preparados com os softwares necessários (no caso da palestra sobre Ruby) e se perdeu muito tempo criando o ambiente inicial."
"54","2015-05-05 08:44:34","1","pt-BR","2015-05-05 08:02:18","2015-05-05 08:44:34","177.220.190.29","","De 18 à 25 Anos","Masculino","Curitiba","","N/A","Profissional","","","","Serviços para software livre","","Ótimo","Não","","","Ótimo","Ótima","Listas de emails","","","Ótimo","Ótimo","","","","","10","10","","","","10","","","","5","5","","Não","","","","","Não","Não","Sim","Sim","Não","Não","Não","Não","Não","Sim","Sim","Não","Não","Não","Não","Não","Não","Não","Não","Não","Não","Sim","Não","Sim","Sim","Não","","","N/A","","","N/A","N/A","N/A","N/A","N/A","N/A","N/A","","N/A","","","","Sim","Ótimo","Ótimo","Ótimo","Sim","Tecnologias mais recentes (programação funcional, NoSQL, etc)","Ótimo","Não","",""
"55","2015-05-05 13:18:41","1","pt-BR","2015-05-05 13:12:40","2015-05-05 13:18:41","187.32.59.210","","De 31 à 40 Anos","Masculino","Curitiba","","N/A","Profissional","","","","Serviços para sistemas proprietários","","Ótimo","Não","","","Normal","Boa","Internet","","","Ótimo","Ótimo","","","","","","","","","","","","","","5","5","","Não","","","","","Não","Não","Não","Não","Não","Não","Não","Não","Não","Sim","Sim","Não","Não","Não","Não","Não","Não","Não","Não","Não","Não","Não","Não","Sim","Não","Não","","","N/A","","","N/A","N/A","N/A","N/A","N/A","N/A","N/A","","N/A","","","","Sim","Ótimo","Ótimo","Bom","Não","","Bom","Não","",""
"56","2015-05-05 17:47:09","1","pt-BR","2015-05-05 17:17:52","2015-05-05 17:47:09","201.89.78.170","http://bmail.uol.com.br/main/message?uid=NTM0OTI&folder=INBOX&externalAcc=&link_security=0&msg_flagged=false&show_msg_header=1","De 31 à 40 Anos","Masculino","Curitiba","","N/A","Estudante/Acadêmico(a)","","Outros","ESAB","","","Bom","Sim","Bom","O recepcionista foi muito atencioso e procurou resolver os problemas que ocorreram no momento da inscrição.","Bom","Normal","Amigos/as","","O processo foi tranquilo. No entanto poderia ter um laptop inteiro e com a conectividade boa.  ","Ótimo","Bom","","","","","7","","","","","","","","","5","5","As palestras foram interessantíssimas.","Não","","","","","Não","Não","Não","Sim","Não","Não","Não","Não","Não","Sim","Não","Não","Não","Sim","Não","Não","Não","Não","Não","Não","Não","Não","Não","Sim","Sim","Sim","","","N/A","","","N/A","N/A","N/A","N/A","N/A","N/A","N/A","","N/A","","","","Sim","Ótimo","Bom","Normal","Sim","PHP, PYTHON, SQL","Bom","Sim","diefen@bol.com.br","Foi um evento muito bom! Recomendarei os próximos a amigos e conhecimentos e se puder gostaria de me envolver mais."
"57","","1","pt-BR","2015-05-05 17:32:44","2015-05-05 17:32:44","177.40.78.207","","","","","","N/A","","","","","","","","N/A","","","","","","","","","","","","","","","","","","","","","","","","","","N/A","","","","","N/A","N/A","N/A","N/A","N/A","N/A","N/A","N/A","N/A","N/A","N/A","N/A","N/A","N/A","N/A","N/A","N/A","N/A","N/A","N/A","N/A","N/A","N/A","N/A","N/A","N/A","","","N/A","","","N/A","N/A","N/A","N/A","N/A","N/A","N/A","","N/A","","","","N/A","","","","","","","N/A","",""
"58","","1","pt-BR","2015-05-07 14:03:52","2015-05-07 14:03:52","177.156.118.124","","","","","","N/A","","","","","","","","N/A","","","","","","","","","","","","","","","","","","","","","","","","","","N/A","","","","","N/A","N/A","N/A","N/A","N/A","N/A","N/A","N/A","N/A","N/A","N/A","N/A","N/A","N/A","N/A","N/A","N/A","N/A","N/A","N/A","N/A","N/A","N/A","N/A","N/A","N/A","","","N/A","","","N/A","N/A","N/A","N/A","N/A","N/A","N/A","","N/A","","","","N/A","","","","","","","N/A","",""
"59","","1","pt-BR","2015-05-08 09:04:25","2015-05-08 09:04:26","177.156.118.124","","","","","","N/A","","","","","","","","N/A","","","","","","","","","","","","","","","","","","","","","","","","","","N/A","","","","","N/A","N/A","N/A","N/A","N/A","N/A","N/A","N/A","N/A","N/A","N/A","N/A","N/A","N/A","N/A","N/A","N/A","N/A","N/A","N/A","N/A","N/A","N/A","N/A","N/A","N/A","","","N/A","","","N/A","N/A","N/A","N/A","N/A","N/A","N/A","","N/A","","","","N/A","","","","","","","N/A","",""
"60","","1","pt-BR","2015-05-08 13:46:13","2015-05-08 13:46:13","177.156.118.124","","","","","","N/A","","","","","","","","N/A","","","","","","","","","","","","","","","","","","","","","","","","","","N/A","","","","","N/A","N/A","N/A","N/A","N/A","N/A","N/A","N/A","N/A","N/A","N/A","N/A","N/A","N/A","N/A","N/A","N/A","N/A","N/A","N/A","N/A","N/A","N/A","N/A","N/A","N/A","","","N/A","","","N/A","N/A","N/A","N/A","N/A","N/A","N/A","","N/A","","","","N/A","","","","","","","N/A","",""
"61","","1","pt-BR","2015-05-08 13:59:11","2015-05-08 13:59:11","177.132.185.206","","","","","","N/A","","","","","","","","N/A","","","","","","","","","","","","","","","","","","","","","","","","","","N/A","","","","","N/A","N/A","N/A","N/A","N/A","N/A","N/A","N/A","N/A","N/A","N/A","N/A","N/A","N/A","N/A","N/A","N/A","N/A","N/A","N/A","N/A","N/A","N/A","N/A","N/A","N/A","","","N/A","","","N/A","N/A","N/A","N/A","N/A","N/A","N/A","","N/A","","","","N/A","","","","","","","N/A","",""
"62","","1","pt-BR","2015-05-08 14:01:23","2015-05-08 14:01:23","189.34.74.56","","","","","","N/A","","","","","","","","N/A","","","","","","","","","","","","","","","","","","","","","","","","","","N/A","","","","","N/A","N/A","N/A","N/A","N/A","N/A","N/A","N/A","N/A","N/A","N/A","N/A","N/A","N/A","N/A","N/A","N/A","N/A","N/A","N/A","N/A","N/A","N/A","N/A","N/A","N/A","","","N/A","","","N/A","N/A","N/A","N/A","N/A","N/A","N/A","","N/A","","","","N/A","","","","","","","N/A","",""
"63","2015-05-08 14:04:14","1","pt-BR","2015-05-08 14:01:37","2015-05-08 14:04:14","191.174.4.181","","De 31 à 40 Anos","Masculino","Curitiba","","N/A","Profissional","","","","Serviços para sistemas proprietários","","Ótimo","Não","","","Ótimo","Ótima","Amigos/as","","","Ótimo","Ótimo","10","10","10","10","10","10","10","10","10","10","10","10","10","5","5","","Não","","","","","Não","Não","Não","Não","Não","Não","Não","Não","Não","Não","Não","Não","Não","Não","Não","Não","Não","Não","Não","Não","Não","Não","Não","Sim","Não","Não","","","N/A","","","N/A","N/A","N/A","N/A","N/A","N/A","N/A","","N/A","","","","Não","","","","Sim","","Ótimo","Sim","",""
"64","","1","pt-BR","2015-05-08 14:02:05","2015-05-08 14:02:05","177.220.190.29","","","","","","N/A","","","","","","","","N/A","","","","","","","","","","","","","","","","","","","","","","","","","","N/A","","","","","N/A","N/A","N/A","N/A","N/A","N/A","N/A","N/A","N/A","N/A","N/A","N/A","N/A","N/A","N/A","N/A","N/A","N/A","N/A","N/A","N/A","N/A","N/A","N/A","N/A","N/A","","","N/A","","","N/A","N/A","N/A","N/A","N/A","N/A","N/A","","N/A","","","","N/A","","","","","","","N/A","",""
"65","","1","pt-BR","2015-05-08 14:02:16","2015-05-08 14:02:16","201.41.185.2","http://mail.campolargo.pr.gov.br/","","","","","N/A","","","","","","","","N/A","","","","","","","","","","","","","","","","","","","","","","","","","","N/A","","","","","N/A","N/A","N/A","N/A","N/A","N/A","N/A","N/A","N/A","N/A","N/A","N/A","N/A","N/A","N/A","N/A","N/A","N/A","N/A","N/A","N/A","N/A","N/A","N/A","N/A","N/A","","","N/A","","","N/A","N/A","N/A","N/A","N/A","N/A","N/A","","N/A","","","","N/A","","","","","","","N/A","",""
"66","","1","pt-BR","2015-05-08 14:04:18","2015-05-08 14:04:18","191.174.4.181","","","","","","N/A","","","","","","","","N/A","","","","","","","","","","","","","","","","","","","","","","","","","","N/A","","","","","N/A","N/A","N/A","N/A","N/A","N/A","N/A","N/A","N/A","N/A","N/A","N/A","N/A","N/A","N/A","N/A","N/A","N/A","N/A","N/A","N/A","N/A","N/A","N/A","N/A","N/A","","","N/A","","","N/A","N/A","N/A","N/A","N/A","N/A","N/A","","N/A","","","","N/A","","","","","","","N/A","",""
"67","2015-05-08 14:08:07","1","pt-BR","2015-05-08 14:04:57","2015-05-08 14:08:07","172.19.21.236","","De 31 à 40 Anos","Masculino","Curitiba","","N/A","Estudante/Acadêmico(a)","","UTFPR","","","","Ótimo","Não","","","Ótimo","Normal","Amigos/as","","","Bom","Bom","6","6","6","3","","","","","","","","6","","5","3","","Não","","","","","Sim","Sim","Não","Sim","Sim","Sim","Sim","Sim","Sim","Não","Não","Não","Sim","Sim","Não","Não","Não","Não","Não","Não","Não","Não","Não","Sim","Sim","Sim","","","N/A","","","N/A","N/A","N/A","N/A","N/A","N/A","N/A","","N/A","","","","Não","","","","Não","","Ótimo","Não","",""
"68","2015-05-08 14:11:07","1","pt-BR","2015-05-08 14:07:29","2015-05-08 14:11:07","200.189.119.19","","De 31 à 40 Anos","Masculino","Curitiba","","N/A","Profissional","","","","Serviços para software livre","","Bom","Não","","","Ótimo","Normal","Redes Sociais","","","Bom","Ótimo","3","9","8","9","10","8","7","","","","","","","2","2","","Não","","","","","Sim","Não","Não","Não","Não","Não","Não","Não","Não","Não","Não","Não","Não","Não","Não","Não","Sim","Sim","Não","Não","Não","Não","Não","Não","Sim","Sim","","","N/A","","","N/A","N/A","N/A","N/A","N/A","N/A","N/A","","N/A","","","","Não","","","","Sim","""macros"" no LibreOffica","Ótimo","Não","",""
"69","2015-05-08 14:30:11","1","pt-BR","2015-05-08 14:25:58","2015-05-08 14:30:11","187.95.112.116","","De 18 à 25 Anos","Masculino","Curitiba","","N/A","Estudante/Acadêmico(a)","","Outros","UP","","","Normal","Não","","","Regular","Regular","Internet","","","Bom","Normal","","","","7","","","","7","7","","","","","3","4","","Não","","","","","Não","Não","Não","Não","Não","Não","Não","Não","Não","Não","Não","Não","Não","Não","Não","Não","Não","Não","Não","Não","Não","Não","Sim","Sim","Não","Não","","","N/A","","","N/A","N/A","N/A","N/A","N/A","N/A","N/A","","N/A","","","","Não","","","","Não","","Bom","Sim","tiago.taraczuk96@gmail.com",""
"70","","1","pt-BR","2015-05-08 15:46:27","2015-05-08 15:46:27","189.73.47.42","","","","","","N/A","","","","","","","","N/A","","","","","","","","","","","","","","","","","","","","","","","","","","N/A","","","","","N/A","N/A","N/A","N/A","N/A","N/A","N/A","N/A","N/A","N/A","N/A","N/A","N/A","N/A","N/A","N/A","N/A","N/A","N/A","N/A","N/A","N/A","N/A","N/A","N/A","N/A","","","N/A","","","N/A","N/A","N/A","N/A","N/A","N/A","N/A","","N/A","","","","N/A","","","","","","","N/A","",""
"71","2015-05-08 16:25:11","1","pt-BR","2015-05-08 16:16:59","2015-05-08 16:25:11","179.186.192.222","","De 26 à 30 Anos","Sou contra categorizações por sexo","Outros","Moranguinhos do Sul","Sim","Outros","Jardineiro","","","","","Bom","Não","","","Regular","Normal","Amigos/as","","","Regular","Ótimo","","","","","","","10","","","","","","","5","5","Quero ver mais palestra da Polaquínia.","Não","","","","","Não","Não","Não","Não","Não","Não","Não","Não","Não","Não","Sim","Não","Não","Não","Não","Não","Não","Não","Sim","Não","Não","Não","Não","Não","Não","Não","","","N/A","","","N/A","N/A","N/A","N/A","N/A","N/A","N/A","","N/A","","","","Não","","","","Não","","Ótimo","Não","","Palestra da Polaquínia tinha que ser num horário diferente"
"72","2015-05-08 18:59:24","1","pt-BR","2015-05-08 18:47:54","2015-05-08 18:59:24","191.250.115.90","","De 18 à 25 Anos","Sou contra categorizações por sexo","Curitiba","","N/A","Profissional","","","","Outros","Design","Bom","Não","","","Regular","Regular","Listas de emails","","Melhorar divulgação, Identidade visual do evento, mais informações da programação do evento.","Bom","Normal","","6","8","","6","7","","","","","","","","4","3","No mais algumas palestras foram bem boas.","Não","","","","","Sim","Sim","Sim","Não","Sim","Sim","Sim","Sim","Sim","Não","Não","Não","Sim","Não","Não","Não","Não","Não","Não","Não","Não","Não","Não","Não","Sim","Sim","","","N/A","","","N/A","N/A","N/A","N/A","N/A","N/A","N/A","","N/A","","","","Não","","","","Sim","Melhorar sinalização dos lugares onde estão acontecendo as oficinas, eu por exemplo não sabia onde estava tendo algumas oficinas. ","Normal","Sim","milenabozek@gmail.com",""
"73","2015-05-08 18:59:25","1","pt-BR","2015-05-08 18:55:21","2015-05-08 18:59:25","177.92.25.214","","De 26 à 30 Anos","Masculino","Curitiba","","N/A","Profissional","","","","Manutenção de computadores","","Bom","Não","","","Bom","Boa","Internet","","","Bom","Bom","8","8","8","8","8","8","8","8","8","8","8","8","8","4","4","","Não","","","","","Não","Não","Não","Não","Não","Não","Não","Não","Sim","Não","Não","Não","Não","Não","Não","Não","Não","Não","Não","Não","Não","Não","Não","Não","Não","Não","","","N/A","","","N/A","N/A","N/A","N/A","N/A","N/A","N/A","","N/A","","","","Não","","","","Não","","Bom","Não","",""
"74","2015-05-08 20:11:39","1","pt-BR","2015-05-08 20:04:29","2015-05-08 20:11:39","177.205.6.131","","De 26 à 30 Anos","Masculino","Curitiba","","N/A","Profissional","","","","Manutenção de computadores","","Bom","Sim","Ótimo","muito bom","Ótimo","Regular","Redes Sociais","","","Bom","Ótimo","","","","","","","","","","","","10","10","5","5","muito curta para tanto assunto","Não","","","","","Não","Não","Não","Sim","Não","Não","Não","Não","Não","Sim","Não","Não","Não","Não","Não","Não","Não","Sim","Não","Não","Não","Não","Não","Sim","Não","Não","java","","N/A","","","N/A","N/A","N/A","N/A","N/A","N/A","N/A","","N/A","","","","Não","","","","Não","","Ótimo","Não","","muito bom"
"75","","1","pt-BR","2015-05-08 20:47:27","2015-05-08 20:47:27","191.243.36.146","","","","","","N/A","","","","","","","","N/A","","","","","","","","","","","","","","","","","","","","","","","","","","N/A","","","","","N/A","N/A","N/A","N/A","N/A","N/A","N/A","N/A","N/A","N/A","N/A","N/A","N/A","N/A","N/A","N/A","N/A","N/A","N/A","N/A","N/A","N/A","N/A","N/A","N/A","N/A","","","N/A","","","N/A","N/A","N/A","N/A","N/A","N/A","N/A","","N/A","","","","N/A","","","","","","","N/A","",""
"76","2015-05-08 22:03:15","1","pt-BR","2015-05-08 21:55:30","2015-05-08 22:03:15","177.96.25.198","","De 18 à 25 Anos","Masculino","Curitiba","","N/A","Estudante/Acadêmico(a)","","Outros","FATEC-PR","","","Bom","Sim","Ótimo","","Regular","Normal","Faculdade/Universidade","","","Bom","Bom","8","8","8","8","4","8","8","8","8","9","8","8","8","4","4","","Não","","","","","Sim","Sim","Sim","Sim","Não","Não","Não","Não","Não","Sim","Sim","Sim","Não","Sim","Sim","Sim","Sim","Sim","Sim","Sim","Sim","Não","Sim","Sim","Sim","Sim","","","N/A","","","N/A","N/A","N/A","N/A","N/A","N/A","N/A","","N/A","","","","Não","","","","Não","","Bom","Não","","Podia ter alguns materiais para poder levar para casa, para alguns participantes que estavam sem notebook."
"77","","1","pt-BR","2015-05-08 22:03:49","2015-05-08 22:03:49","177.96.25.198","","","","","","N/A","","","","","","","","N/A","","","","","","","","","","","","","","","","","","","","","","","","","","N/A","","","","","N/A","N/A","N/A","N/A","N/A","N/A","N/A","N/A","N/A","N/A","N/A","N/A","N/A","N/A","N/A","N/A","N/A","N/A","N/A","N/A","N/A","N/A","N/A","N/A","N/A","N/A","","","N/A","","","N/A","N/A","N/A","N/A","N/A","N/A","N/A","","N/A","","","","N/A","","","","","","","N/A","",""
"78","2015-05-08 22:55:39","1","pt-BR","2015-05-08 22:47:32","2015-05-08 22:55:39","189.27.95.161","","De 18 à 25 Anos","Masculino","Outros","campo grande","Não","Estudante/Acadêmico(a)","","Outros","UCDB","","","Normal","Não","","","Ótimo","Boa","Internet","","","Bom","Bom","5","","3","6","8","10","10","6","9","9","9","10","10","4","5","","Não","","","","","Não","Sim","Não","Não","Não","Não","Não","Não","Não","Não","Não","Não","Sim","Não","Não","Não","Não","Sim","Não","Não","Não","Não","Não","Não","Sim","Não","","","N/A","","","N/A","N/A","N/A","N/A","N/A","N/A","N/A","","N/A","","","","Não","","","","Não","","Ótimo","Não","",""
"79","2015-05-09 09:28:49","1","pt-BR","2015-05-09 09:24:01","2015-05-09 09:28:49","186.214.43.86","","De 18 à 25 Anos","Masculino","Curitiba","","N/A","Profissional","","","","Serviços para sistemas proprietários","","Bom","Não","","","Bom","Normal","Redes Sociais","","","Bom","Ótimo","1","","","","9","9","","","9","10","","","9","3","3","","Não","","","","","Não","Sim","Sim","Sim","Sim","Sim","Sim","Sim","Sim","Não","Sim","Não","Sim","Sim","Não","Não","Não","Não","Não","Não","Não","Sim","Sim","Sim","Sim","Sim","","","N/A","","","N/A","N/A","N/A","N/A","N/A","N/A","N/A","","N/A","","","","Não","","","","Não","","Ótimo","Não","",""
"80","","1","pt-BR","2015-05-09 09:24:07","2015-05-09 09:24:07","177.201.101.2","","","","","","N/A","","","","","","","","N/A","","","","","","","","","","","","","","","","","","","","","","","","","","N/A","","","","","N/A","N/A","N/A","N/A","N/A","N/A","N/A","N/A","N/A","N/A","N/A","N/A","N/A","N/A","N/A","N/A","N/A","N/A","N/A","N/A","N/A","N/A","N/A","N/A","N/A","N/A","","","N/A","","","N/A","N/A","N/A","N/A","N/A","N/A","N/A","","N/A","","","","N/A","","","","","","","N/A","",""
"81","2015-05-09 09:48:40","1","pt-BR","2015-05-09 09:35:40","2015-05-09 09:48:40","179.211.42.183","","Maior de 40 Anos","Masculino","Curitiba","","N/A","Empresário(a)","","","","","","Ótimo","Não","","","Bom","Boa","Internet","","","Ótimo","Ótimo","8","","","","","","","","","","","","","5","5","","Não","","","","","Não","Não","Não","Não","Não","Não","Não","Não","Não","Não","Sim","Não","Não","Não","Não","Não","Não","Não","Não","Não","Não","Não","Não","Não","Não","Não","","","N/A","","","N/A","N/A","N/A","N/A","N/A","N/A","N/A","","N/A","","","","Sim","Ótimo","Ótimo","Ótimo","Sim","Virtualização","Bom","Não","","Sem dúvida a iniciativa é criar eventos sobre uso de software livre é muito bom, é uma pena em eventos como flsol é que normalmente você quer participar de uma oficina ou palestra na qual coincide no mesmo horário."
"82","2015-05-09 11:32:40","1","pt-BR","2015-05-09 11:27:21","2015-05-09 11:32:40","172.17.0.219","","De 31 à 40 Anos","Masculino","Curitiba","","N/A","Estudante/Acadêmico(a)","","UTFPR","","","","Bom","Não","","","Bom","Boa","Internet","","","Ótimo","Ótimo","9","","9","","10","","10","","","10","","","","5","5","","Não","","","","","Não","Não","Não","Sim","Não","Não","Não","Não","Não","Sim","Sim","Não","Não","Não","Não","Não","Não","Não","Não","Não","Sim","Não","Não","Não","Não","Não","","","N/A","","","N/A","N/A","N/A","N/A","N/A","N/A","N/A","","N/A","","","","Não","","","","Sim","","Bom","Sim","vinicius.s.d@gmail.com",""
"83","","1","pt-BR","2015-05-09 12:21:38","2015-05-09 12:21:38","200.138.41.125","","","","","","N/A","","","","","","","","N/A","","","","","","","","","","","","","","","","","","","","","","","","","","N/A","","","","","N/A","N/A","N/A","N/A","N/A","N/A","N/A","N/A","N/A","N/A","N/A","N/A","N/A","N/A","N/A","N/A","N/A","N/A","N/A","N/A","N/A","N/A","N/A","N/A","N/A","N/A","","","N/A","","","N/A","N/A","N/A","N/A","N/A","N/A","N/A","","N/A","","","","N/A","","","","","","","N/A","",""
"84","2015-05-10 09:41:14","1","pt-BR","2015-05-10 09:30:45","2015-05-10 09:41:14","187.121.132.122","","De 31 à 40 Anos","Masculino","Curitiba","","N/A","Profissional","","","","Serviços para sistemas proprietários","","Bom","Não","","","Normal","Boa","Internet","","","Ótimo","Bom","","","","","","","","","","","9","9","","4","4","","Não","","","","","Sim","Sim","Sim","Sim","Sim","Sim","Sim","Sim","Sim","Sim","Sim","Não","Sim","Sim","Não","Não","Sim","Sim","Não","Sim","Sim","Sim","Sim","Sim","Sim","Sim","","","N/A","","","N/A","N/A","N/A","N/A","N/A","N/A","N/A","","N/A","","","","Não","","","","Sim","","Bom","Sim","leandrodmoreira o gmail.com",""
"85","","1","pt-BR","2015-05-10 09:32:24","2015-05-10 09:32:24","150.70.173.54","","","","","","N/A","","","","","","","","N/A","","","","","","","","","","","","","","","","","","","","","","","","","","N/A","","","","","N/A","N/A","N/A","N/A","N/A","N/A","N/A","N/A","N/A","N/A","N/A","N/A","N/A","N/A","N/A","N/A","N/A","N/A","N/A","N/A","N/A","N/A","N/A","N/A","N/A","N/A","","","N/A","","","N/A","N/A","N/A","N/A","N/A","N/A","N/A","","N/A","","","","N/A","","","","","","","N/A","",""
"86","","1","pt-BR","2015-05-10 09:41:25","2015-05-10 09:41:25","187.121.132.122","","","","","","N/A","","","","","","","","N/A","","","","","","","","","","","","","","","","","","","","","","","","","","N/A","","","","","N/A","N/A","N/A","N/A","N/A","N/A","N/A","N/A","N/A","N/A","N/A","N/A","N/A","N/A","N/A","N/A","N/A","N/A","N/A","N/A","N/A","N/A","N/A","N/A","N/A","N/A","","","N/A","","","N/A","N/A","N/A","N/A","N/A","N/A","N/A","","N/A","","","","N/A","","","","","","","N/A","",""
"87","","1","pt-BR","2015-05-10 09:53:39","2015-05-10 09:53:39","187.121.132.122","","","","","","N/A","","","","","","","","N/A","","","","","","","","","","","","","","","","","","","","","","","","","","N/A","","","","","N/A","N/A","N/A","N/A","N/A","N/A","N/A","N/A","N/A","N/A","N/A","N/A","N/A","N/A","N/A","N/A","N/A","N/A","N/A","N/A","N/A","N/A","N/A","N/A","N/A","N/A","","","N/A","","","N/A","N/A","N/A","N/A","N/A","N/A","N/A","","N/A","","","","N/A","","","","","","","N/A","",""
"88","","1","pt-BR","2015-05-10 12:48:47","2015-05-10 12:48:47","201.86.1.197","","","","","","N/A","","","","","","","","N/A","","","","","","","","","","","","","","","","","","","","","","","","","","N/A","","","","","N/A","N/A","N/A","N/A","N/A","N/A","N/A","N/A","N/A","N/A","N/A","N/A","N/A","N/A","N/A","N/A","N/A","N/A","N/A","N/A","N/A","N/A","N/A","N/A","N/A","N/A","","","N/A","","","N/A","N/A","N/A","N/A","N/A","N/A","N/A","","N/A","","","","N/A","","","","","","","N/A","",""
"89","2015-05-10 16:24:35","1","pt-BR","2015-05-10 16:18:20","2015-05-10 16:24:35","177.157.8.113","","De 18 à 25 Anos","Masculino","Curitiba","","N/A","Estudante/Acadêmico(a)","","Outros","FATEC","","","Ótimo","Não","","","Ótimo","Ótima","Faculdade/Universidade","","","Ótimo","Ótimo","9","10","9","10","9","10","9","10","9","10","9","10","9","5","5","","Sim","GNU/Linux","","Debian","","Não","Sim","Não","Não","Sim","Sim","Sim","Sim","Sim","Não","Não","Não","Não","Não","Não","Não","Não","Não","Não","Não","Não","Não","Não","Não","Não","Não","","Excelente","Sim","","GNU/Linux","Não","N/A","N/A","N/A","N/A","N/A","N/A","","Não","","","","Não","","","","Não","","Ótimo","Sim","douglaspg12@hotmail.com",""
"90","2015-05-10 21:04:26","1","pt-BR","2015-05-10 20:50:21","2015-05-10 21:04:26","187.112.143.175","","De 18 à 25 Anos","Masculino","Curitiba","","N/A","Estudante/Acadêmico(a)","","UTFPR","","","","Bom","Não","","","Normal","Ruim","Outros","Diolinux","As palestras foram boas. Mas o conteúdo técnico voltado a software livre, não. As palestras ""tecnicas"" era apenas sobre tecnologias e ferramentas. Poderiam também expandir para mais dias. Mas eu acho que isso é proporcional ao público do software livre, no mais, eu gostei basbante, parabéns para quem desenvolveu.","Bom","Ótimo","","","","","4","8","2","","","","","","","3","3","","Não","","","","","Sim","Sim","Sim","Sim","Sim","Não","Sim","Não","Não","Sim","Sim","Sim","Sim","Não","Sim","Sim","Não","Sim","Não","Sim","Não","Sim","Sim","Não","Não","Não","Sistema Operacional ","","N/A","","","N/A","N/A","N/A","N/A","N/A","N/A","N/A","","N/A","","","","Sim","Bom","Normal","Normal","Sim","GET STARTED -> desenvolvendo aplicações linux, ajudando com o kernel (sim!!!), empacotando os seus programas .deb e .rpm, etc...

-> utilizando o inotify
-> utilizando a api de input do linux
-> utilizando os recursos do systemd","Ruim","Sim","yudi.matsuzake@gmail.com","Foi bom, conheci pessoas muito legais. E eu acho que é isso, se o principal objetivo do evento é espalhar o conhecimento e fazer novas conexões nesse mundo, funcionou muito pra mim!"
"91","2015-05-10 21:41:57","1","pt-BR","2015-05-10 21:35:26","2015-05-10 21:41:57","189.31.210.67","","De 31 à 40 Anos","Masculino","Curitiba","","N/A","Professor(a)","","","","","","Bom","Sim","Ótimo","","Bom","Boa","Faculdade/Universidade","","O evento deveria ter o apoio da escola politécnica da PUCPR.","Bom","Bom","9","","","","","","7","","","9","","","","5","5","Parabéns pelo evento!","Sim","Outros","MAC OS","","","Sim","Sim","Sim","Não","Sim","Sim","Sim","Sim","Sim","Não","Não","Não","Sim","Sim","Não","Não","Não","Sim","Não","Sim","Sim","Sim","Sim","Não","Não","Não","","Bom","Não","Debian 8","","Não","N/A","N/A","N/A","N/A","N/A","N/A","","Sim","Placa de wifi","","","Não","","","","Sim","","Bom","Sim","mgasparin@gmail.com","Excelente evento, parabéns!"
"92","2015-05-11 07:27:21","1","pt-BR","2015-05-11 07:22:18","2015-05-11 07:27:21","Invalid","","Menor de 18 Anos","Masculino","Outros","Paranaguá","Não","Estudante/Acadêmico(a)","","IFPR","","","","Regular","Sim","Regular","Haviam poucos computadores no local para realizar as inscrições tendo em vista que encontravam-se no local de inscrições muitas pessoas;","Regular","Ruim","Listas de emails","","Ter mais computadores","Bom","Ótimo","3","","2","2","7","4","2","2","2","2","2","","2","3","2","Em uma das palestras havia um homem que passava ao publico que ele não estava interado no assunto ou algo do tipo","Não","","","","","Não","Não","Não","Não","Não","Não","Não","Não","Não","Não","Não","Não","Não","Não","Não","Não","Não","Não","Não","Não","Não","Não","Sim","Não","Não","Não","","","N/A","","","N/A","N/A","N/A","N/A","N/A","N/A","N/A","","N/A","","","","Não","","","","Sim","Redes sociais, programadores de C e Java","Normal","Não","","Bom"
"93","2015-05-11 07:42:14","1","pt-BR","2015-05-11 07:38:49","2015-05-11 07:42:14","Invalid","","Maior de 40 Anos","Feminino","Curitiba","","N/A","Estudante/Acadêmico(a)","","UFPR","","","","Ótimo","Não","","","Bom","Boa","Listas de emails","","","Ótimo","Ótimo","10","","","","","","","","","","","","","5","5","","Não","","","","","Não","Não","Não","Não","Sim","Sim","Não","Não","Não","Não","Não","Não","Não","Não","Não","Não","Não","Não","Não","Não","Não","Não","Não","Não","Não","Não","","","N/A","","","N/A","N/A","N/A","N/A","N/A","N/A","N/A","","N/A","","","","Não","","","","Não","","Bom","Não","",""
"94","2015-05-11 08:20:13","1","pt-BR","2015-05-11 08:06:01","2015-05-11 08:20:13","10.5.4.154","","De 31 à 40 Anos","Feminino","Outros","Jacarezinho","Não","Profissional","","","","Serviços para software livre","","Ótimo","Não","","","Bom","Ótima","Redes Sociais","","Tudo bem organizado.","Ótimo","Ótimo","10","9","9","9","10","10","10","9","9","9","9","9","9","5","5","Adorei as palestras que assisti.","Sim","Microsoft Windows","","","","Não","Não","Não","Não","Sim","Sim","Sim","Sim","Não","Não","Não","Não","Não","Sim","Não","Não","Não","Não","Não","Não","Não","Não","Não","Não","Não","Não","","Ótimo","Não","Não fui até o instalador.","","Não","N/A","N/A","N/A","N/A","N/A","N/A","","Não","","Não procurei nenhum","Não procurei nenhum","Não","","","","Não","Não participei de oficina.","Ótimo","Não","","Adorei o evento, a presença de Maddog deixou tudo ainda mais interessante."
"95","2015-05-14 07:18:33","1","pt-BR","2015-05-14 07:10:09","2015-05-14 07:18:33","200.195.163.227","","De 31 à 40 Anos","Masculino","Curitiba","","N/A","Professor(a)","","","","","","Ótimo","Sim","Ótimo","","Bom","Boa","Amigos/as","","","Bom","Ótimo","","8","8","","","","","","","6","","","","4","4","","Não","","","","","Sim","Não","Não","Não","Não","Não","Não","Não","Não","Não","Não","Não","Sim","Sim","Não","Não","Não","Não","Não","Não","Não","Não","Não","Sim","Sim","Não","","","N/A","","","N/A","N/A","N/A","N/A","N/A","N/A","N/A","","N/A","","","","Não","","","","Não","","Ótimo","Não","","ótimo evento, voltado a soluções, desde as inscriçoes."

